user_id,item_id,click,follow,like,share,video_category,watching_times,gender,age,time
3863658,1356466,1,0,0,0,0,6,2,1,364435200
3863658,1376213,1,0,0,0,0,2,2,1,365126400
3863658,1361673,1,0,0,0,0,2,2,1,353721600
3863658,284933,1,0,0,0,0,2,2,1,449193600
3863658,1357320,0,0,0,0,1,1,2,1,385430400
3863658,1358202,1,0,0,0,0,3,2,1,348624000
3863658,1369278,1,0,0,0,0,3,2,1,349056000
3863658,1353245,1,0,0,0,0,3,2,1,374112000
3863658,1564082,1,0,0,0,1,3,2,1,392515200
3863658,1352831,1,0,0,0,1,2,2,1,354326400
3863658,1467507,0,0,0,0,0,3,2,1,373939200
3863658,1374823,0,0,0,0,0,1,2,1,507772800
3863658,1392944,1,0,0,0,1,2,2,1,383702400
3863658,1422578,1,0,0,0,1,2,2,1,432604800
3863658,1528083,1,0,0,0,0,1,2,1,410227200
3863658,1359731,1,0,0,0,0,3,2,1,416966400
3863658,1399904,1,0,0,0,1,3,2,1,352252800
3863658,1359467,1,0,0,0,0,2,2,1,478310400
3863658,1395360,0,0,0,0,0,0,2,1,479174400
3863658,1354406,0,0,0,0,0,0,2,1,407203200
3863658,176738,1,0,0,0,0,3,2,1,346291200
3863658,1395703,0,0,0,0,0,0,2,1,357523200
3690780,404,1,0,0,0,0,2,1,3,355449600
3690780,1596034,0,0,0,0,1,1,1,3,349660800
3690780,1416576,1,0,0,0,0,1,1,3,372729600
3690780,1479116,1,0,0,0,1,2,1,3,477878400
3690780,1871856,1,0,0,0,0,2,1,3,378345600
3690780,1360259,0,0,0,0,1,1,1,3,519523200
3690780,1393345,0,0,0,0,1,1,1,3,522720000
3690780,1634368,0,0,0,0,0,1,1,3,499132800
3690780,1389704,0,0,0,0,0,1,1,3,526089600
3690780,21091,0,0,0,0,1,0,1,3,359683200
3690780,1935017,0,0,0,0,0,1,1,3,354153600
3690780,1363803,0,0,0,0,0,0,1,3,362275200
3690780,4593,0,0,0,0,1,1,1,3,354412800
3690780,127868,1,0,0,0,0,1,1,3,349142400
3690780,1364409,0,0,0,0,0,1,1,3,515462400
3690780,1423866,0,0,0,0,0,1,1,3,345168000
3690780,1464302,0,0,0,0,0,2,1,3,345859200
3690780,1352532,0,0,0,0,0,2,1,3,356486400
3690780,1534309,0,0,0,0,1,1,1,3,398995200
3690780,157887,0,0,0,0,1,1,1,3,465091200
3690780,68675,0,0,0,0,0,1,1,3,385603200
3690780,88834,0,0,0,0,1,1,1,3,475372800
3690780,1372123,0,0,0,0,0,1,1,3,347846400
3690780,1356384,1,0,0,0,0,2,1,3,446688000
3690780,1510433,0,0,0,0,0,1,1,3,485308800
3690780,132137,0,0,0,0,1,0,1,3,405388800
3690780,117189,1,0,0,0,0,1,1,3,380764800
3690780,2050272,1,0,0,0,0,2,1,3,355190400
3690780,1354015,1,0,0,0,1,2,1,3,463622400
3690780,1360370,0,0,0,0,0,1,1,3,383616000
3690780,1359691,0,0,0,0,0,3,1,3,383184000
3690780,1615319,0,0,0,0,0,1,1,3,484704000
3690780,1734653,0,0,0,0,0,1,1,3,456624000
3690780,1360537,1,0,0,0,0,2,1,3,377827200
3690780,1401087,0,0,0,0,1,1,1,3,410659200
3690780,251445,0,0,0,0,1,1,1,3,466128000
3690780,117578,0,0,0,0,0,1,1,3,417225600
3690780,1784526,0,0,0,0,0,1,1,3,405734400
3690780,12014,0,0,0,0,0,2,1,3,386553600
3690780,1376244,1,0,0,0,0,2,1,3,471312000
3690780,1502441,1,0,0,0,0,2,1,3,380332800
3690780,1363449,0,0,0,0,0,1,1,3,367372800
3690780,1368081,0,0,0,0,1,1,1,3,346550400
3690780,1170,0,0,0,0,0,1,1,3,449971200
3690780,1557916,1,0,0,0,0,2,1,3,433900800
3690780,348417,0,0,0,0,1,1,1,3,501984000
3690780,224816,1,0,0,0,0,2,1,3,425520000
3690780,3296490,0,0,0,0,1,1,1,3,469324800
3690780,1759877,1,0,0,0,0,2,1,3,403920000
3690780,1359737,0,0,0,0,0,1,1,3,446947200
3690780,1362961,0,0,0,0,0,1,1,3,382060800
3690780,1636500,1,0,0,0,0,2,1,3,452822400
3690780,1466118,0,0,0,0,0,1,1,3,379814400
3690780,1503344,0,0,0,0,0,1,1,3,383184000
3690780,1484423,1,0,0,0,0,3,1,3,381974400
3690780,1810158,1,0,0,0,1,2,1,3,379641600
3690780,1376441,0,0,0,0,1,1,1,3,377481600
3690780,1400426,1,0,0,0,0,1,1,3,381801600
3690780,1389368,1,0,0,0,0,2,1,3,377827200
3690780,12585,0,0,0,0,1,1,1,3,377481600
3690780,1491289,0,0,0,0,0,1,1,3,380073600
3690780,2946169,1,0,0,0,0,1,1,3,379641600
3690780,1656061,0,0,0,0,0,1,1,3,485222400
3690780,1517526,1,0,0,0,0,2,1,3,522115200
3690780,1390142,0,0,0,0,0,1,1,3,477878400
3690780,1424892,0,0,0,0,0,1,1,3,526262400
3690780,89037,0,0,0,0,1,1,1,3,495072000
3690780,1354597,1,0,0,0,0,2,1,3,517276800
3690780,1353463,1,0,0,0,0,2,1,3,464832000
3690780,1358202,1,0,0,0,0,2,1,3,494726400
3690780,68104,1,0,0,0,0,2,1,3,481075200
3690780,1357105,0,0,0,0,1,1,1,3,441936000
3690780,3026571,0,0,0,0,0,4,1,3,504662400
3690780,1377244,0,0,0,0,0,1,1,3,465264000
3690780,1410667,0,0,0,0,0,3,1,3,385862400
3690780,1353781,1,0,0,0,0,2,1,3,483321600
3690780,1361387,1,0,0,0,0,2,1,3,471052800
3690780,903950,0,0,0,0,1,1,1,3,526003200
3690780,3296563,1,0,0,0,0,2,1,3,492220800
3690780,1359834,0,0,0,0,0,1,1,3,513561600
3690780,1356151,1,0,0,0,0,3,1,3,511920000
3690780,1358925,1,0,0,0,0,3,1,3,467078400
3690780,1541630,1,0,0,0,0,2,1,3,477100800
3690780,384434,1,0,0,0,1,2,1,3,514166400
3690780,1964940,1,0,0,0,0,5,1,3,447206400
3690780,1362671,1,0,0,0,0,3,1,3,483148800
3690780,1352680,1,0,0,0,0,2,1,3,520128000
3690780,1354088,1,0,0,0,1,2,1,3,490924800
3690780,1352990,1,0,0,0,0,1,1,3,499737600
3690780,1352884,1,0,0,0,0,1,1,3,483753600
3690780,1356926,1,0,0,0,0,2,1,3,502675200
3690780,1352992,1,0,0,0,0,4,1,3,411264000
3690780,1377929,1,0,0,0,0,3,1,3,480988800
3690780,1353016,0,0,0,0,0,1,1,3,363916800
3690780,1353462,1,0,0,0,0,2,1,3,366681600
3690780,218940,1,0,0,0,0,3,1,3,379555200
3690780,1381640,1,0,0,0,0,1,1,3,384998400
3690780,1664710,0,0,0,0,0,3,1,3,352857600
3690780,1359350,1,0,0,0,1,3,1,3,349056000
3690780,1806932,1,0,0,0,1,2,1,3,371606400
3690780,2133244,1,0,0,0,0,2,1,3,348451200
3690780,1356467,1,0,0,0,0,3,1,3,422582400
3690780,1359655,0,0,0,0,0,1,1,3,359510400
3690780,1369358,1,0,0,0,0,2,1,3,352252800
3690780,1569990,1,0,0,0,0,2,1,3,351993600
3690780,1361012,1,0,0,0,0,2,1,3,345859200
3690780,58186,1,0,0,0,0,2,1,3,490492800
3690780,1728705,1,0,0,0,0,2,1,3,512611200
3690780,1505907,0,0,0,0,0,1,1,3,352684800
3690780,3296532,0,0,0,0,0,1,1,3,351648000
3690780,41392,1,0,0,0,0,6,1,3,347500800
3690780,1353551,1,0,0,0,1,2,1,3,348019200
3690780,1707415,1,0,0,0,0,4,1,3,345859200
3690780,1378662,1,0,0,0,0,4,1,3,361152000
3690780,1371932,1,0,0,0,0,2,1,3,353808000
3690780,1572755,1,0,0,0,1,1,1,3,421891200
3690780,1353250,0,0,0,0,0,1,1,3,434678400
3690780,1421551,1,0,0,0,0,2,1,3,345686400
3690780,2099813,1,0,0,0,0,4,1,3,346636800
3690780,29211,1,0,0,0,0,2,1,3,362016000
3690780,345327,1,0,0,0,0,4,1,3,347241600
3690780,1372060,1,0,0,0,0,2,1,3,433468800
3690780,2986,0,0,0,0,0,1,1,3,345513600
3690780,1386701,0,0,0,0,1,2,1,3,364262400
3690780,1353956,1,0,0,0,0,2,1,3,345600000
3690780,1334439,0,0,0,0,0,1,1,3,368323200
3690780,1368037,1,0,0,0,0,2,1,3,362448000
3690780,1358015,1,0,0,0,0,3,1,3,507168000
3690780,1365621,1,0,0,0,0,3,1,3,477792000
3690780,1420228,1,0,0,0,0,2,1,3,441504000
3690780,1358850,0,0,0,0,0,1,1,3,349574400
3690780,1356517,1,0,0,0,0,2,1,3,488505600
3690780,374452,1,0,0,0,0,2,1,3,345600000
3690780,1358887,1,0,0,0,1,3,1,3,386553600
3690780,1374914,1,0,0,0,0,2,1,3,348451200
3690780,6197,1,0,0,0,0,5,1,3,465264000
3690780,1427,1,0,0,0,0,2,1,3,374889600
3690780,1371132,1,0,0,0,0,2,1,3,345945600
3690780,1365095,1,0,0,0,0,2,1,3,477619200
3690780,1353398,1,0,0,0,0,3,1,3,390182400
3690780,259691,1,0,0,0,1,2,1,3,428544000
3690780,15753,1,0,0,0,0,2,1,3,351648000
3690780,1373215,0,0,0,0,0,1,1,3,515721600
3690780,494899,0,0,0,0,0,1,1,3,347500800
3690780,1382966,1,0,0,0,0,2,1,3,351993600
3690780,1360329,0,0,0,0,0,1,1,3,524793600
3690780,37590,0,0,0,0,0,1,1,3,353203200
3690780,1355394,0,0,0,0,0,0,1,3,366595200
3690780,1759037,1,0,0,0,0,1,1,3,474249600
3690780,1952222,1,0,0,0,0,4,1,3,368668800
3690780,1370926,1,0,0,0,0,1,1,3,507686400
3690780,1353457,0,0,0,0,0,0,1,3,444700800
3690780,23214,0,0,0,0,1,0,1,3,396057600
3690780,5906,0,0,0,0,1,0,1,3,362275200
3690780,1471538,0,0,0,0,0,0,1,3,461030400
3690780,1377452,1,0,0,0,1,5,1,3,491875200
3690780,1399921,0,0,0,0,0,0,1,3,482716800
3690780,1375744,0,0,0,0,0,0,1,3,502934400
3690780,67166,0,0,0,0,1,0,1,3,474163200
3690780,1731941,1,0,0,0,1,4,1,3,403401600
3690780,1374638,0,0,0,0,1,1,1,3,435024000
3690780,1362199,0,0,0,0,0,0,1,3,385776000
3690780,1375772,0,0,0,0,0,1,1,3,422150400
3690780,1360402,1,0,0,0,0,2,1,3,461894400
3690780,1484209,0,0,0,0,0,1,1,3,482457600
3690780,62116,0,0,0,0,0,1,1,3,425606400
3690780,544161,1,0,0,0,0,5,1,3,396835200
3690780,1357876,1,0,0,0,1,2,1,3,472953600
3690780,1579414,0,0,0,0,1,1,1,3,413942400
3690780,143586,0,0,0,0,0,2,1,3,513388800
3690780,1424923,0,0,0,0,0,3,1,3,508982400
3690780,1354700,0,0,0,0,0,1,1,3,475113600
3690780,1386533,0,0,0,0,1,1,1,3,486000000
3690780,1359549,0,0,0,0,1,1,1,3,521596800
3690780,1401996,0,0,0,0,0,1,1,3,460512000
3690780,1476311,0,0,0,0,1,1,1,3,441849600
3690780,51117,0,0,0,0,1,1,1,3,477705600
3690780,114280,0,0,0,0,0,1,1,3,515289600
3690780,1681964,0,0,0,0,0,1,1,3,515376000
3690780,1476292,0,0,0,0,0,1,1,3,517104000
3690780,1356463,0,0,0,0,0,1,1,3,520992000
3690780,1730360,1,0,0,0,0,2,1,3,383011200
3690780,1397546,0,0,0,0,0,1,1,3,443836800
3690780,1389262,1,0,0,0,1,2,1,3,513216000
3690780,1358877,0,0,0,0,0,1,1,3,507600000
3690780,36837,0,0,0,0,1,1,1,3,481507200
3690780,3090,0,0,0,0,1,1,1,3,351993600
3690780,1429267,0,0,0,0,0,1,1,3,513820800
3690780,1362284,1,0,0,0,0,2,1,3,491011200
3690780,137470,1,0,0,0,1,2,1,3,447811200
3690780,1503576,0,0,0,0,0,1,1,3,476409600
3690780,1625835,0,0,0,0,0,1,1,3,481939200
3690780,1094211,0,0,0,0,0,1,1,3,389664000
3690780,1358626,0,0,0,0,0,1,1,3,507254400
3690780,1355691,0,0,0,0,0,1,1,3,464054400
3690780,1394140,0,0,0,0,0,1,1,3,462931200
3690780,1403265,1,0,0,0,0,2,1,3,490492800
3690780,152766,0,0,0,0,1,1,1,3,510969600
3690780,1394540,0,0,0,0,0,1,1,3,358560000
3690780,8142,1,0,0,0,0,2,1,3,523324800
3690780,1414948,1,0,0,0,1,2,1,3,483580800
3690780,48466,0,0,0,0,0,1,1,3,414806400
3690780,225933,0,0,0,0,1,1,1,3,503452800
3690780,1372560,1,0,0,0,0,2,1,3,495763200
3690780,1368187,1,0,0,0,0,1,1,3,451440000
3690780,1352749,0,0,0,0,0,0,1,3,499478400
3690780,1391617,1,0,0,0,1,3,1,3,522115200
3690780,102438,0,0,0,0,0,3,1,3,524707200
3690780,1406787,1,0,0,0,0,1,1,3,512611200
3690780,1592580,0,0,0,0,0,1,1,3,385344000
3690780,1372295,0,0,0,0,0,1,1,3,478051200
3690780,28432,0,0,0,0,0,1,1,3,413251200
3690780,1358366,1,0,0,0,0,3,1,3,496800000
3690780,1353306,1,0,0,0,0,2,1,3,507081600
3690780,1470973,1,0,0,0,0,2,1,3,486432000
3690780,1362498,0,0,0,0,0,0,1,3,494553600
3690780,87899,1,0,0,0,0,3,1,3,492393600
3690780,1370609,0,0,0,0,0,1,1,3,449712000
3690780,106907,1,0,0,0,0,1,1,3,462412800
3690780,1362962,1,0,0,0,0,4,1,3,474940800
3690780,1512760,0,0,0,0,0,1,1,3,492566400
3690780,227226,1,0,0,0,0,1,1,3,510105600
3690780,1431934,1,0,0,0,0,1,1,3,418694400
3690780,1358008,1,0,0,0,0,2,1,3,428630400
3690780,14899,1,0,0,0,0,1,1,3,385862400
3690780,1359486,1,0,0,0,0,2,1,3,381024000
3690780,41238,0,0,0,0,0,1,1,3,478742400
3690780,1352842,1,0,0,0,0,2,1,3,383184000
3690780,1354193,0,0,0,0,0,1,1,3,355449600
3690780,1353682,0,0,0,0,0,1,1,3,347932800
3690780,1493486,0,0,0,0,1,1,1,3,354326400
3690780,1357439,0,0,0,0,0,1,1,3,416880000
3690780,3097909,1,0,0,0,0,3,1,3,380332800
3690780,1377057,0,0,0,0,1,2,1,3,366854400
3690780,1357100,0,0,0,0,0,1,1,3,376444800
3690780,1352843,0,0,0,0,0,1,1,3,359942400
3690780,1358588,0,0,0,0,1,0,1,3,350524800
3690780,152466,0,0,0,0,1,1,1,3,350611200
3690780,1370519,0,0,0,0,0,1,1,3,352857600
3690780,1354758,1,0,0,0,1,3,1,3,501724800
3690780,69768,1,0,0,0,1,3,1,3,449884800
3690780,293310,1,0,0,0,0,1,1,3,361065600
3690780,1573533,0,0,0,0,0,1,1,3,363484800
3690780,1365356,1,0,0,0,0,2,1,3,377654400
3690780,1375641,1,0,0,0,1,2,1,3,378691200
3690780,1370830,0,0,0,0,0,1,1,3,379036800
3690780,329377,1,0,0,0,0,2,1,3,361584000
3690780,1450243,0,0,0,0,1,1,1,3,500169600
3690780,1444445,0,0,0,0,0,1,1,3,508464000
3690780,134397,0,0,0,0,0,1,1,3,469584000
3690780,1398420,0,0,0,0,0,1,1,3,355881600
3690780,1356738,0,0,0,0,0,1,1,3,487900800
3690780,135093,0,0,0,0,0,1,1,3,364003200
3690780,1378583,0,0,0,0,0,1,1,3,441504000
3690780,1359794,0,0,0,0,1,1,1,3,500515200
3690780,63568,0,0,0,0,1,1,1,3,494726400
3690780,1384059,0,0,0,0,0,0,1,3,489628800
3690780,1363248,0,0,0,0,0,1,1,3,491097600
3690780,112132,0,0,0,0,1,1,1,3,358473600
3690780,1365719,1,0,0,0,0,3,1,3,419385600
3690780,1352739,0,0,0,0,1,1,1,3,511056000
3690780,1360880,0,0,0,0,0,1,1,3,422755200
3690780,1355821,0,0,0,0,0,0,1,3,415152000
3690780,1459862,0,0,0,0,1,1,1,3,351043200
3690780,1369011,1,0,0,0,1,3,1,3,376099200
3690780,69450,0,0,0,0,1,1,1,3,397872000
3690780,1360347,0,0,0,0,0,1,1,3,360720000
3690780,1368289,0,0,0,0,0,1,1,3,358732800
3690780,3255354,1,0,0,0,1,3,1,3,348710400
3690780,1359853,0,0,0,0,0,1,1,3,352684800
3690780,1367611,1,0,0,0,0,2,1,3,348278400
3690780,66783,1,0,0,0,0,1,1,3,361843200
3690780,1520987,0,0,0,0,0,1,1,3,363052800
3690780,1452277,0,0,0,0,1,1,1,3,358560000
3690780,1391911,1,0,0,0,1,2,1,3,352771200
3690780,1362941,1,0,0,0,0,1,1,3,384652800
3690780,1361455,0,0,0,0,1,1,1,3,516412800
3690780,3034232,0,0,0,0,0,1,1,3,395712000
3690780,1366429,0,0,0,0,0,1,1,3,359856000
3690780,48358,0,0,0,0,0,1,1,3,359769600
3690780,1412082,0,0,0,0,1,0,1,3,371865600
3690780,1413298,0,0,0,0,0,1,1,3,479606400
3690780,1354446,0,0,0,0,0,0,1,3,423100800
3690780,3205643,0,0,0,0,0,1,1,3,477014400
3690780,1361076,0,0,0,0,1,1,1,3,348710400
3690780,1357065,0,0,0,0,0,1,1,3,363916800
3690780,52505,0,0,0,0,0,1,1,3,498960000
3690780,1353757,1,0,0,0,0,2,1,3,358473600
3690780,1354353,0,0,0,0,0,1,1,3,362016000
3690780,1355519,0,0,0,0,0,1,1,3,483753600
3690780,2825066,0,0,0,0,0,1,1,3,474076800
3690780,1482950,0,0,0,0,0,3,1,3,443750400
3690780,1359533,1,0,0,0,0,2,1,3,511315200
3690780,1359520,0,0,0,0,0,1,1,3,444268800
3690780,6758,1,0,0,0,1,2,1,3,514598400
3690780,1357367,0,0,0,0,0,1,1,3,423360000
3690780,1353838,0,0,0,0,0,1,1,3,474768000
3690780,1285552,0,0,0,0,1,1,1,3,391478400
3690780,132056,0,0,0,0,0,1,1,3,385084800
3690780,1358167,0,0,0,0,0,1,1,3,477964800
3690780,182752,1,0,0,0,0,1,1,3,363830400
3690780,3306640,0,0,0,0,0,1,1,3,383011200
3690780,1379690,1,0,0,0,0,2,1,3,452995200
3690780,1352598,1,0,0,0,1,3,1,3,366336000
3690780,1358334,1,0,0,0,0,1,1,3,416188800
3690780,36174,1,0,0,0,0,1,1,3,484876800
3690780,1367493,1,0,0,0,0,2,1,3,515808000
3690780,3296983,0,0,0,0,0,1,1,3,462672000
3690780,1363795,1,0,0,0,0,2,1,3,477360000
3690780,1357250,0,0,0,0,1,1,1,3,448848000
3690780,1380524,0,0,0,0,0,0,1,3,352684800
3690780,3297668,1,0,0,0,0,1,1,3,378086400
3690780,1353951,0,0,0,0,0,1,1,3,351820800
3690780,1356823,1,0,0,0,1,2,1,3,377568000
3690780,1354523,1,0,0,0,0,2,1,3,510192000
3690780,3296964,1,0,0,0,0,2,1,3,383011200
3690780,1363538,1,0,0,0,1,2,1,3,348624000
3690780,1378519,0,0,0,0,0,1,1,3,501724800
3690780,1405150,1,0,0,0,0,2,1,3,475804800
3690780,1353517,1,0,0,0,0,2,1,3,368496000
3690780,711885,1,0,0,0,1,3,1,3,418089600
3690780,1357057,1,0,0,0,0,3,1,3,481248000
3690780,1375701,1,0,0,0,0,2,1,3,368496000
3690780,270758,1,0,0,0,1,3,1,3,426729600
3690780,1356448,0,0,0,0,0,1,1,3,378086400
3690780,1353714,1,0,0,0,0,8,1,3,449971200
3690780,214851,0,0,0,0,1,1,1,3,436838400
3690780,1689182,1,0,0,0,1,3,1,3,485049600
3690780,3231555,0,0,0,0,1,0,1,3,378432000
3690780,3204654,0,0,0,0,1,0,1,3,495417600
3690780,245945,0,0,0,0,1,2,1,3,455414400
3690780,1448639,0,0,0,0,0,0,1,3,433728000
25501,1361597,0,0,0,0,0,0,1,5,430444800
25501,2910676,0,0,0,0,1,0,1,5,378259200
25501,1361685,0,0,0,0,0,0,1,5,376272000
25501,3297488,0,0,0,0,1,0,1,5,358300800
25501,1387163,0,0,0,0,0,0,1,5,412473600
3291891,3297537,0,0,0,0,1,0,1,3,479347200
3876331,1376179,0,0,0,0,0,1,1,2,403315200
3876331,1668255,0,0,0,0,0,1,1,2,349574400
3876331,58416,1,0,0,0,0,4,1,2,478051200
3876331,1353951,1,0,0,0,0,1,1,2,515376000
3876331,1373215,0,0,0,0,0,1,1,2,487209600
3876331,1383854,1,0,0,0,1,6,1,2,386812800
3876331,1352513,0,0,0,0,0,1,1,2,383184000
3876331,1363795,1,0,0,0,0,9,1,2,507513600
3876331,1358212,1,0,0,0,0,4,1,2,384566400
3876331,132984,1,0,0,0,1,2,1,2,414633600
3876331,1352827,1,0,0,0,0,4,1,2,348451200
3876331,1366545,0,0,0,0,0,4,1,2,382924800
3876331,1356466,1,0,0,0,0,7,1,2,495676800
3876331,1356031,1,0,0,0,1,2,1,2,382406400
3876331,4881,0,0,0,0,1,1,1,2,493344000
3876331,1356738,0,0,0,0,0,1,1,2,352771200
3876331,1358907,1,0,0,0,0,5,1,2,411004800
3876331,1356899,0,0,0,0,0,1,1,2,514598400
3876331,1401695,0,0,0,0,0,1,1,2,456624000
3876331,1648754,0,0,0,0,1,3,1,2,497404800
3876331,34526,0,0,0,0,0,2,1,2,511315200
3876331,1905099,1,0,0,0,1,2,1,2,459475200
3876331,1365093,0,0,0,0,0,1,1,2,436752000
3876331,1362517,1,0,0,0,0,2,1,2,375494400
3876331,1358167,1,0,0,0,0,2,1,2,398736000
3876331,1385122,0,0,0,0,0,1,1,2,507772800
3876331,62491,1,0,0,0,0,1,1,2,347587200
3876331,1376393,1,0,0,0,1,2,1,2,382665600
3876331,211893,1,0,0,0,1,2,1,2,454032000
3876331,1366798,1,0,0,0,0,1,1,2,375062400
3876331,1358794,1,0,0,0,0,2,1,2,510969600
3876331,1365435,1,0,0,0,1,2,1,2,355536000
3876331,1681104,0,0,0,0,0,1,1,2,400723200
3876331,1528332,0,0,0,0,1,1,1,2,368582400
3876331,1358224,0,0,0,0,1,1,1,2,351561600
3876331,2088009,0,0,0,0,0,1,1,2,507340800
3876331,1504494,0,0,0,0,1,2,1,2,477532800
3876331,3141441,0,0,0,0,0,1,1,2,350956800
3876331,1352842,0,0,0,0,0,1,1,2,346982400
3876331,1404494,0,0,0,0,0,1,1,2,357955200
3876331,1431048,0,0,0,0,1,1,1,2,352252800
3876331,11624,1,0,0,0,0,2,1,2,353548800
3876331,1523070,0,0,0,0,0,0,1,2,408153600
3876331,1420228,0,0,0,0,0,1,1,2,353894400
3876331,1360366,0,0,0,0,1,2,1,2,429062400
3876331,1366764,0,0,0,0,1,0,1,2,486172800
3876331,1403793,0,0,0,0,1,3,1,2,393033600
3876331,1363995,1,0,0,0,1,4,1,2,419299200
3876331,1357499,1,0,0,0,0,3,1,2,366163200
3876331,1352912,1,0,0,0,0,2,1,2,496108800
3876331,1352665,0,0,0,0,0,1,1,2,354412800
3876331,1352891,1,0,0,0,0,4,1,2,512438400
3876331,1355232,1,0,0,0,0,3,1,2,361152000
3876331,2935178,0,0,0,0,0,4,1,2,381110400
3876331,1358564,0,0,0,0,0,3,1,2,521596800
3876331,1355154,0,0,0,0,0,1,1,2,419558400
3876331,1352845,0,0,0,0,0,1,1,2,493430400
3876331,1353330,1,0,0,0,0,2,1,2,515462400
3876331,1359770,1,0,0,0,1,2,1,2,440208000
3876331,1353867,1,0,0,0,1,3,1,2,479865600
3876331,1355033,0,0,0,0,0,1,1,2,433123200
3876331,1356638,1,0,0,0,0,1,1,2,479865600
3876331,2620,1,0,0,0,1,2,1,2,486172800
3876331,1450713,0,0,0,0,0,1,1,2,453600000
3876331,1372045,0,0,0,0,0,2,1,2,492307200
3876331,1434830,0,0,0,0,0,1,1,2,426470400
3876331,1353587,0,0,0,0,0,1,1,2,427939200
3876331,1352773,0,0,0,0,0,1,1,2,521596800
3876331,1632372,0,0,0,0,0,1,1,2,476582400
3876331,1354011,1,0,0,0,0,2,1,2,351648000
3876331,1366312,1,0,0,0,0,2,1,2,351993600
3876331,1352852,1,0,0,0,1,2,1,2,351648000
3876331,1355914,0,0,0,0,0,1,1,2,433555200
3876331,1377781,0,0,0,0,1,1,1,2,356054400
3876331,1376925,0,0,0,0,1,1,1,2,423878400
3876331,1377898,0,0,0,0,0,1,1,2,448848000
3876331,1356131,0,0,0,0,1,1,1,2,441504000
3876331,1353517,0,0,0,0,0,1,1,2,353030400
3876331,1353838,1,0,0,0,0,3,1,2,351043200
3876331,1363828,1,0,0,0,0,3,1,2,370569600
3876331,1353331,1,0,0,0,1,3,1,2,353808000
3876331,1359350,0,0,0,0,1,1,1,2,352598400
3876331,1370062,0,0,0,0,0,1,1,2,368841600
3876331,1355915,0,0,0,0,1,1,1,2,440294400
3876331,1397345,0,0,0,0,1,1,1,2,372384000
3876331,1361076,0,0,0,0,1,1,1,2,388800000
3876331,1362871,0,0,0,0,0,1,1,2,419904000
3876331,1364115,0,0,0,0,0,1,1,2,368755200
3876331,237506,1,0,0,0,1,2,1,2,519177600
3876331,1358392,0,0,0,0,0,1,1,2,353030400
3876331,1368250,1,0,0,0,0,2,1,2,351907200
3876331,1372719,1,0,0,0,0,2,1,2,380764800
3876331,1366138,0,0,0,0,1,1,1,2,343699200
3876331,1387899,0,0,0,0,0,0,1,2,394502400
3876331,1354431,0,0,0,0,1,1,1,2,439862400
3876331,105411,0,0,0,0,0,1,1,2,350956800
3876331,1359655,0,0,0,0,0,1,1,2,356400000
3876331,1352658,0,0,0,0,0,2,1,2,352512000
3876331,1354582,0,0,0,0,0,1,1,2,432950400
3876331,1352795,1,0,0,0,0,20,1,2,359078400
3876331,1353083,0,0,0,0,0,1,1,2,356054400
3919568,1352680,1,0,0,0,0,2,1,2,352339200
3919568,345327,1,0,0,0,0,2,1,2,393638400
3919568,1473269,1,0,0,0,1,1,1,2,380851200
3919568,1409372,0,0,0,0,1,0,1,2,439776000
3919568,1413964,0,0,0,0,1,0,1,2,397180800
3919568,1401622,0,0,0,0,1,0,1,2,436492800
3919568,132137,0,0,0,0,1,0,1,2,353030400
3919568,3033441,0,0,0,0,1,0,1,2,388800000
3919568,3236883,0,0,0,0,1,1,1,2,353548800
3919568,1355323,1,0,0,0,1,1,1,2,352425600
3919568,18031,0,0,0,0,1,1,1,2,352944000
3919568,3261181,1,0,0,0,1,2,1,2,356659200
3919568,1364865,0,0,0,0,1,1,1,2,353116800
3919568,439680,1,0,0,0,1,2,1,2,447638400
3919568,1363995,1,0,0,0,1,2,1,2,398044800
3919568,3225722,0,0,0,0,1,1,1,2,352944000
3919568,1359695,0,0,0,0,1,1,1,2,351648000
3919568,1368287,0,0,0,0,1,1,1,2,350611200
3919568,3036373,0,0,0,0,1,1,1,2,352857600
3919568,1352517,1,0,0,0,1,1,1,2,351648000
3919568,1359905,1,0,0,0,0,2,1,2,424224000
3919568,1361047,0,0,0,0,1,1,1,2,439862400
3919568,1372896,0,0,0,0,1,1,1,2,403920000
3919568,1353535,0,0,0,0,1,1,1,2,352425600
3919568,1352703,1,0,0,0,1,2,1,2,351648000
3919568,3144,0,0,0,0,1,1,1,2,352944000
3919568,222983,0,0,0,0,1,1,1,2,477792000
3919568,1384265,1,0,0,0,1,2,1,2,356745600
3919568,1362958,0,0,0,0,1,1,1,2,355536000
3919568,1356097,0,0,0,0,1,1,1,2,348192000
3919568,18771,0,0,0,0,1,1,1,2,362102400
3919568,3203867,0,0,0,0,1,2,1,2,379123200
3919568,1391570,0,0,0,0,1,2,1,2,504576000
3919568,3034622,0,0,0,0,1,1,1,2,366076800
3919568,1357715,0,0,0,0,1,2,1,2,392601600
3919568,1360676,0,0,0,0,0,2,1,2,495676800
3919568,1408708,1,0,0,0,1,2,1,2,373939200
3919568,3215286,1,0,0,0,1,1,1,2,472953600
3919568,3033723,0,0,0,0,1,0,1,2,515635200
79494,3298028,0,0,0,0,1,1,1,2,498528000
79494,3030626,0,0,0,0,1,1,1,2,503452800
79494,1681628,1,0,0,0,0,1,1,2,353635200
79494,1367718,1,0,0,0,0,2,1,2,484790400
79494,1428317,1,0,0,0,0,2,1,2,350438400
79494,1500282,1,0,0,0,0,2,1,2,458697600
79494,1245393,1,0,0,0,0,2,1,2,389836800
79494,1459875,0,0,0,0,1,1,1,2,348019200
79494,1720152,0,0,0,0,0,1,1,2,386899200
79494,1380356,1,0,0,0,1,2,1,2,447120000
79494,1519391,0,0,0,0,0,1,1,2,457660800
79494,1426407,0,0,0,0,0,1,1,2,387072000
79494,8306,0,0,0,0,1,1,1,2,352598400
79494,1416499,1,0,0,0,1,2,1,2,507772800
79494,58099,0,0,0,0,1,1,1,2,407116800
79494,1406501,1,0,0,0,0,2,1,2,348624000
79494,1494931,0,0,0,0,0,1,1,2,479260800
79494,1417191,0,0,0,0,1,1,1,2,387158400
79494,1368037,0,0,0,0,0,1,1,2,388368000
79494,1430897,1,0,0,0,0,2,1,2,360892800
79494,1477142,0,0,0,0,1,1,1,2,498009600
79494,1411371,1,0,0,0,1,2,1,2,360374400
79494,248680,1,0,0,0,1,2,1,2,425865600
79494,1365329,1,0,0,0,1,2,1,2,406857600
79494,1384951,1,0,0,0,1,2,1,2,483062400
79494,181250,1,0,0,0,1,1,1,2,484358400
79494,290607,0,0,0,0,1,1,1,2,362707200
79494,1681263,0,0,0,0,0,1,1,2,360720000
79494,1634266,0,0,0,0,0,1,1,2,359510400
79494,1477457,1,0,0,0,1,1,1,2,358905600
79494,1538159,0,0,0,0,1,1,1,2,405993600
79494,1372239,0,0,0,0,0,1,1,2,416966400
79494,1421870,0,0,0,0,1,1,1,2,391132800
79494,1387215,0,0,0,0,0,1,1,2,360115200
79494,1352872,1,0,0,0,0,2,1,2,367545600
79494,1375641,1,0,0,0,1,2,1,2,353376000
79494,1367802,0,0,0,0,0,1,1,2,353289600
79494,260,1,0,0,0,0,1,1,2,357436800
79494,1530753,1,0,0,0,0,1,1,2,484099200
79494,1352898,1,0,0,0,1,2,1,2,348019200
79494,1353296,0,0,0,0,0,1,1,2,414633600
79494,1434169,0,0,0,0,1,1,1,2,359683200
79494,2980,0,0,0,0,0,1,1,2,430531200
79494,1354519,1,0,0,0,1,2,1,2,359251200
79494,1359966,0,0,0,0,0,1,1,2,408326400
79494,1357426,0,0,0,0,0,1,1,2,400291200
79494,1391901,0,0,0,0,0,2,1,2,515980800
79494,1356980,0,0,0,0,0,2,1,2,395366400
79494,1357076,1,0,0,0,0,4,1,2,359942400
79494,3122097,1,0,0,0,0,3,1,2,389836800
79494,1353714,0,0,0,0,0,1,1,2,414720000
79494,1745686,0,0,0,0,0,1,1,2,411264000
79494,1372077,0,0,0,0,0,1,1,2,406252800
79494,1368024,1,0,0,0,0,2,1,2,368409600
79494,1355596,1,0,0,0,1,2,1,2,360201600
79494,1424739,0,0,0,0,0,1,1,2,509068800
79494,1370420,0,0,0,0,0,1,1,2,359164800
79494,1354714,0,0,0,0,0,1,1,2,405734400
79494,1456736,0,0,0,0,1,1,1,2,379814400
79494,1356087,1,0,0,0,0,2,1,2,365212800
79494,1473000,0,0,0,0,1,1,1,2,364348800
79494,1677302,0,0,0,0,0,1,1,2,525139200
79494,1353517,0,0,0,0,0,1,1,2,348019200
79494,1406499,1,0,0,0,0,2,1,2,359769600
79494,1441718,0,0,0,0,0,1,1,2,358992000
79494,1505902,0,0,0,0,1,1,1,2,358905600
79494,3153755,0,0,0,0,0,1,1,2,412646400
79494,48822,0,0,0,0,1,1,1,2,385344000
79494,1389153,1,0,0,0,1,2,1,2,443577600
79494,1356570,1,0,0,0,0,1,1,2,364867200
79494,1491387,0,0,0,0,0,1,1,2,360028800
79494,3118,1,0,0,0,0,1,1,2,388281600
79494,1356385,1,0,0,0,1,1,1,2,386985600
79494,1364445,0,0,0,0,0,1,1,2,508896000
79494,1354142,1,0,0,0,0,2,1,2,382752000
79494,1460807,0,0,0,0,0,1,1,2,424915200
79494,1398896,1,0,0,0,0,2,1,2,369014400
79494,1356040,1,0,0,0,1,1,1,2,348192000
79494,1466393,0,0,0,0,0,1,1,2,401846400
79494,1497677,0,0,0,0,0,1,1,2,430099200
79494,1719492,0,0,0,0,1,1,1,2,357091200
79494,3298208,1,0,0,0,1,1,1,2,343267200
79494,1372794,0,0,0,0,0,1,1,2,475459200
79494,1361393,0,0,0,0,1,1,1,2,525139200
79494,1358854,0,0,0,0,0,1,1,2,435369600
79494,1952222,1,0,0,0,0,5,1,2,411955200
79494,1653417,0,0,0,0,0,2,1,2,343267200
79494,1472366,1,0,0,0,1,2,1,2,343267200
79494,1392918,0,0,0,0,0,1,1,2,343440000
79494,1354582,1,0,0,0,0,2,1,2,364608000
79494,1400591,0,0,0,0,1,1,1,2,525830400
79494,1384621,0,0,0,0,0,1,1,2,365385600
79494,1352739,0,0,0,0,1,1,1,2,350006400
79494,1362609,0,0,0,0,0,1,1,2,373939200
79494,1358837,1,0,0,0,0,2,1,2,349228800
79494,1476549,1,0,0,0,1,2,1,2,352944000
79494,1460947,0,0,0,0,1,1,1,2,384739200
79494,1353915,0,0,0,0,0,1,1,2,350956800
79494,1364456,0,0,0,0,0,1,1,2,444268800
79494,1408972,1,0,0,0,1,1,1,2,351648000
79494,1362969,0,0,0,0,0,1,1,2,352684800
79494,1359479,1,0,0,0,1,1,1,2,491875200
79494,1354383,0,0,0,0,0,1,1,2,373248000
79494,1459087,0,0,0,0,1,1,1,2,347932800
79494,1417627,0,0,0,0,1,1,1,2,496800000
79494,204637,0,0,0,0,1,1,1,2,349833600
79494,1437623,0,0,0,0,1,1,1,2,482025600
79494,1367380,1,0,0,0,1,3,1,2,508032000
79494,1431438,0,0,0,0,0,1,1,2,348537600
79494,1441358,1,0,1,0,0,2,1,2,517708800
79494,1377385,1,0,0,0,0,3,1,2,354672000
79494,1404415,0,0,0,0,0,2,1,2,350006400
79494,2914659,0,0,0,0,1,1,1,2,508896000
79494,1528202,1,0,0,0,1,1,1,2,362534400
79494,1399279,0,0,0,0,0,1,1,2,406425600
79494,1355833,0,0,0,0,1,1,1,2,463363200
79494,1355649,0,0,0,0,0,1,1,2,416361600
79494,1505267,0,0,0,0,0,1,1,2,378086400
79494,1401087,0,0,0,0,1,1,1,2,364176000
79494,1367114,1,0,0,0,1,2,1,2,350092800
79494,1353258,1,0,0,0,0,2,1,2,464054400
79494,1482847,0,0,0,0,0,1,1,2,499910400
79494,1361583,0,0,0,0,0,2,1,2,448070400
79494,1382,1,0,0,0,1,2,1,2,520560000
79494,3296634,0,0,0,0,0,1,1,2,492307200
79494,1357100,0,0,0,0,0,1,1,2,383788800
79494,1353551,1,0,0,0,1,2,1,2,440726400
79494,1373387,0,0,0,0,0,1,1,2,472608000
79494,1401956,1,0,0,0,0,2,1,2,343094400
79494,1400633,1,0,0,0,1,1,1,2,349228800
79494,1365051,1,0,0,0,1,1,1,2,449625600
79494,1362839,0,0,0,0,1,1,1,2,431049600
79494,2803,0,0,0,0,1,1,1,2,523065600
79494,1430029,0,0,0,0,1,1,1,2,358819200
79494,1424172,0,0,0,0,1,1,1,2,431395200
79494,1352795,0,0,0,0,0,1,1,2,347500800
79494,1376300,0,0,0,0,0,1,1,2,474595200
79494,62602,0,0,0,0,1,2,1,2,357004800
79494,1356645,0,0,0,0,0,0,1,2,485481600
79494,1467518,0,0,0,0,0,1,1,2,364176000
79494,1372153,0,0,0,0,0,0,1,2,351129600
79494,1356451,0,0,0,0,0,0,1,2,348278400
79494,1869754,0,0,0,0,0,0,1,2,512179200
79494,1408143,0,0,0,0,0,1,1,2,437011200
79494,1359707,0,0,0,0,0,3,1,2,425001600
79494,1398610,0,0,0,0,0,1,1,2,354412800
79494,1352598,0,0,0,0,1,0,1,2,495676800
79494,3297668,0,0,0,0,0,0,1,2,482457600
1175595,530607,0,0,0,0,1,0,1,2,400291200
1175595,3296785,0,0,0,0,1,0,1,2,371692800
1175595,3297558,0,0,0,0,1,0,1,2,448848000
3789834,1423732,0,0,0,0,0,0,0,0,348278400
3789834,1355978,1,0,0,0,1,3,0,0,439257600
3789834,1858167,1,0,0,0,1,3,0,0,475027200
3789834,1363751,0,0,0,0,1,1,0,0,438566400
3789834,3840,0,0,0,0,0,1,0,0,483148800
3789834,79156,0,0,0,0,1,0,0,0,363744000
3789834,1431664,0,0,0,0,1,0,0,0,389836800
3789834,1528083,0,0,0,0,0,0,0,0,353289600
3789834,1435524,0,0,0,0,0,0,0,0,503452800
3789834,1520536,0,0,0,0,1,0,0,0,394329600
3789834,1746207,0,0,0,0,0,0,0,0,500169600
3789834,1874530,1,0,0,0,1,2,0,0,437702400
3789834,1430269,1,0,0,0,0,2,0,0,434332800
3789834,1592787,1,0,0,0,0,2,0,0,485827200
3789834,321896,1,0,0,0,1,3,0,0,426211200
3789834,1387957,1,0,0,0,1,2,0,0,371606400
3789834,21800,1,1,1,0,0,3,0,0,396057600
3789834,1357183,1,0,0,0,1,2,0,0,354844800
3789834,1396400,1,0,0,0,1,8,0,0,388195200
3789834,1358367,0,0,0,0,0,2,0,0,397526400
3789834,1381450,1,0,0,0,1,2,0,0,350697600
3789834,1365307,1,0,0,0,1,1,0,0,403920000
3789834,1377092,1,0,0,0,1,1,0,0,421113600
3789834,1355883,0,0,0,0,0,1,0,0,484099200
3789834,1425848,1,0,0,0,0,2,0,0,353289600
3789834,1903439,1,0,0,0,0,2,0,0,472348800
3411057,1605822,0,0,0,0,1,0,2,2,518832000
3411057,1530353,0,0,0,0,0,0,2,2,419212800
3411057,1719709,0,0,0,0,0,0,2,2,388281600
3411057,1432299,0,0,0,0,0,0,2,2,350265600
3411057,1471050,0,0,0,0,1,0,2,2,484790400
1049638,1423519,0,0,0,0,0,0,1,3,438134400
1049638,3297602,0,0,0,0,1,0,1,3,353462400
1049638,19014,0,0,0,0,1,0,1,3,507168000
1049638,1438001,0,0,0,0,1,0,1,3,352944000
1049638,14494,0,0,0,0,0,0,1,3,457660800
1049638,1231959,0,0,0,0,1,0,1,3,357091200
1049638,1464975,0,0,0,0,1,0,1,3,498355200
3790343,1693887,0,0,0,0,1,1,1,4,419040000
3790343,2986,1,0,0,0,0,6,1,4,353462400
3790343,1363795,1,0,0,0,0,6,1,4,459907200
3790343,1369706,0,0,0,0,0,1,1,4,483408000
3790343,1415425,0,0,0,0,0,0,1,4,493776000
3790343,58416,1,0,0,0,0,9,1,4,355276800
3790343,1411905,0,0,0,0,0,0,1,4,442195200
3790343,1354620,1,0,0,0,1,2,1,4,437270400
3790343,1358879,0,0,0,0,0,1,1,4,461462400
3790343,1361180,0,0,0,0,0,1,1,4,494553600
3790343,2314,1,0,0,0,1,2,1,4,367200000
3790343,1357499,0,0,0,0,0,0,1,4,413337600
3790343,1356290,0,0,0,0,1,0,1,4,383443200
3790343,1399662,0,0,0,0,0,1,1,4,416707200
3790343,1354205,0,0,0,0,1,1,1,4,517276800
3906201,1424506,1,0,0,0,1,2,1,2,483062400
3906201,1443394,1,0,0,0,1,2,1,2,349315200
3906201,1472496,1,0,0,0,0,4,1,2,467078400
3906201,1484001,0,0,0,0,0,1,1,2,348883200
3906201,1582068,1,0,0,0,0,1,1,2,496368000
3906201,1353956,1,0,0,0,0,2,1,2,524275200
3906201,3297951,1,0,0,0,1,2,1,2,512784000
3906201,1746207,0,0,0,0,0,1,1,2,502243200
3906201,2052384,1,0,0,0,0,2,1,2,412128000
3906201,1361808,1,0,0,0,0,4,1,2,523929600
3906201,1353336,1,0,0,0,0,3,1,2,351907200
3906201,1541630,0,0,0,0,0,1,1,2,521251200
3906201,1400811,1,0,0,0,0,3,1,2,522806400
3906201,1356204,1,0,0,0,0,2,1,2,400118400
3906201,7640,0,0,0,0,0,1,1,2,392774400
3906201,2028660,0,0,0,0,0,1,1,2,515030400
3906201,1358764,0,0,0,0,0,1,1,2,350006400
3906201,1361387,1,0,0,0,0,2,1,2,497145600
3906201,1787305,1,0,0,0,0,3,1,2,371952000
3906201,1403152,0,0,1,0,0,1,1,2,354499200
3906201,1416839,0,0,0,0,1,1,1,2,426297600
3906201,1434821,0,0,0,0,1,1,1,2,348624000
3906201,1757051,1,0,0,0,1,2,1,2,351648000
3906201,1446546,0,0,0,0,0,1,1,2,351043200
3906201,1356467,1,0,0,0,0,2,1,2,409017600
3906201,1377244,0,0,0,0,0,1,1,2,404524800
3906201,1379646,0,0,0,0,0,1,1,2,372384000
3906201,1538985,0,0,0,0,1,1,1,2,355708800
3906201,1538386,0,0,0,0,1,1,1,2,484272000
3906201,1388647,1,0,0,0,0,2,1,2,477619200
3906201,1370949,0,0,0,0,0,1,1,2,361324800
3906201,3299737,0,0,0,0,0,0,1,2,404870400
3906201,654514,0,0,0,0,0,1,1,2,360547200
3906201,1418483,1,0,0,0,0,2,1,2,360892800
3906201,1523070,0,0,0,0,0,2,1,2,360201600
3906201,1734044,0,0,0,0,0,1,1,2,381542400
3906201,1356322,0,0,0,0,0,0,1,2,443145600
3906201,1505657,0,0,0,0,0,0,1,2,391824000
3906201,28177,0,0,0,0,1,0,1,2,361843200
3906201,16879,1,0,0,0,1,2,1,2,361065600
3906201,76242,1,0,0,0,1,2,1,2,497318400
3906201,1450042,0,0,0,0,0,1,1,2,360460800
3906201,1359714,0,0,0,0,0,1,1,2,444787200
3906201,1353227,0,0,0,0,0,1,1,2,416102400
3906201,1353963,0,0,0,0,0,1,1,2,404784000
3906201,1404112,0,0,0,0,0,0,1,2,357523200
3906201,1464440,1,0,0,0,1,2,1,2,355190400
3906201,1417608,0,0,0,0,0,1,1,2,350092800
3906201,97516,0,0,0,0,1,1,1,2,402883200
3906201,1364681,0,0,0,0,1,1,1,2,397353600
3906201,1368361,0,0,0,0,0,0,1,2,376444800
3906201,1359887,1,0,0,0,0,1,1,2,395884800
3906201,1367261,0,0,0,0,0,1,1,2,384134400
3906201,3033931,0,0,0,0,0,5,1,2,409017600
3906201,1358217,0,0,0,0,0,6,1,2,371606400
3906201,1401751,1,0,0,0,0,2,1,2,415756800
3906201,1809848,0,0,0,0,0,1,1,2,468201600
3906201,1369784,0,0,0,0,0,0,1,2,366940800
3906201,1430761,0,0,0,0,0,1,1,2,524016000
3906201,1495774,0,0,0,0,0,1,1,2,497923200
3906201,3226334,0,0,0,0,1,0,1,2,391219200
3906201,1414262,0,0,0,0,1,0,1,2,383529600
3906201,1356224,0,0,0,0,1,0,1,2,401241600
3906201,1400069,0,0,0,0,0,0,1,2,344822400
3906201,1452175,0,0,0,0,1,1,1,2,515548800
3906201,3222092,0,0,0,0,1,1,1,2,357091200
2656944,1421359,0,0,0,0,1,0,1,3,414374400
2656944,19136,0,0,0,0,1,0,1,3,347414400
158137,1407480,0,0,0,0,0,0,1,2,515030400
158137,3297624,0,0,0,0,1,0,1,2,382406400
158137,1812101,0,0,0,0,1,0,1,2,399945600
158137,10707,0,0,0,0,1,0,1,2,350265600
415938,1557970,0,0,0,0,0,0,1,3,375494400
415938,81986,1,0,0,0,1,2,1,3,350438400
415938,3296995,1,0,0,0,0,3,1,3,401068800
415938,3297716,1,0,0,0,1,2,1,3,411609600
415938,2969010,1,0,0,0,0,4,1,3,350265600
415938,125569,1,0,0,0,1,7,1,3,352771200
415938,2088551,0,0,0,0,1,1,1,3,386208000
415938,3296741,1,0,0,0,1,4,1,3,347932800
415938,180624,1,0,0,0,0,4,1,3,349056000
415938,3296554,1,0,0,0,0,2,1,3,351388800
415938,1412234,1,0,0,0,1,2,1,3,349228800
415938,3297728,1,0,0,0,1,2,1,3,390787200
415938,1360977,1,0,0,0,1,5,1,3,350438400
415938,1415005,0,0,0,0,1,1,1,3,348019200
415938,1458316,1,0,0,0,0,2,1,3,402364800
415938,3297713,1,0,0,0,1,2,1,3,366854400
415938,1410649,1,0,0,0,0,2,1,3,357350400
415938,85491,0,0,0,0,1,1,1,3,395366400
415938,3297570,1,0,0,0,1,3,1,3,445132800
415938,1460031,1,0,0,0,0,2,1,3,348019200
415938,3299893,1,0,0,0,1,2,1,3,512438400
415938,1451752,0,0,0,0,1,2,1,3,484099200
415938,1385699,1,0,0,0,1,2,1,3,507427200
415938,1367666,0,0,0,0,0,1,1,3,347673600
415938,7478,1,0,0,0,1,2,1,3,419817600
415938,1378953,1,0,0,0,0,28,1,3,344995200
415938,1365165,1,0,0,0,0,2,1,3,355363200
415938,36482,1,0,0,0,1,2,1,3,342748800
415938,1378199,1,0,0,0,0,2,1,3,385948800
415938,1511158,0,0,0,0,0,1,1,3,358041600
415938,4857,1,0,0,0,1,2,1,3,398044800
415938,1437435,0,0,0,0,1,1,1,3,482371200
415938,3296924,1,0,0,0,1,4,1,3,369705600
415938,1457357,0,0,0,0,1,1,1,3,455328000
415938,3300815,0,0,0,0,1,1,1,3,356140800
415938,1354563,0,0,0,0,1,1,1,3,495504000
415938,1556221,0,0,0,0,0,1,1,3,410832000
415938,1365752,0,0,0,0,0,0,1,3,398217600
415938,1626780,1,0,0,0,1,3,1,3,373420800
415938,3300783,1,0,0,0,1,3,1,3,508723200
415938,1378207,0,0,0,0,1,1,1,3,443318400
415938,1373150,1,0,0,0,1,2,1,3,358214400
415938,3296476,0,0,0,0,0,1,1,3,370656000
415938,1401772,1,0,0,0,1,1,1,3,403228800
415938,3113128,1,0,0,0,0,6,1,3,387676800
415938,1373381,0,0,0,0,0,1,1,3,448156800
415938,3297031,0,0,0,0,1,1,1,3,357436800
415938,3296558,1,0,0,0,0,3,1,3,362793600
415938,2291858,1,0,0,0,1,3,1,3,360115200
415938,1358246,0,0,0,0,1,1,1,3,364953600
415938,1277950,0,0,0,0,1,1,1,3,411609600
415938,2925973,1,0,0,0,1,2,1,3,371952000
415938,61703,1,0,0,0,1,1,1,3,491270400
415938,1438654,1,0,0,0,0,2,1,3,350870400
415938,1359532,1,0,0,0,0,2,1,3,488505600
415938,1362609,1,0,0,0,0,2,1,3,364176000
415938,1484668,1,0,0,0,0,2,1,3,356745600
415938,1403491,0,0,0,0,1,1,1,3,356832000
415938,1816158,1,0,0,0,0,2,1,3,357609600
415938,941232,1,0,0,0,1,2,1,3,364867200
415938,290849,1,0,0,0,1,3,1,3,468806400
415938,1861216,0,0,0,0,1,1,1,3,429321600
415938,1449355,0,0,0,0,0,1,1,3,352684800
415938,1558912,0,0,0,0,1,1,1,3,353376000
415938,1625206,1,0,0,0,1,2,1,3,349574400
415938,1374069,0,0,0,0,1,1,1,3,348969600
415938,1402724,1,0,0,0,0,3,1,3,349747200
415938,1358248,1,0,0,0,0,3,1,3,347241600
415938,1571203,0,0,0,0,1,1,1,3,477705600
415938,274493,0,0,0,0,1,1,1,3,348537600
415938,1367851,0,0,0,0,0,2,1,3,352080000
415938,3300136,0,0,0,0,1,0,1,3,420768000
415938,1360133,0,0,0,0,1,0,1,3,408931200
415938,3059313,0,0,0,0,1,0,1,3,456537600
415938,213676,0,0,0,0,1,0,1,3,412905600
415938,3297070,0,0,0,0,0,0,1,3,399168000
415938,3298304,0,0,0,0,0,0,1,3,407548800
415938,2953647,0,0,0,0,0,0,1,3,412300800
415938,195265,0,0,0,0,1,1,1,3,406684800
415938,3004558,0,0,0,0,0,0,1,3,395884800
415938,1585522,0,0,0,0,0,0,1,3,396662400
415938,3296650,0,0,0,0,0,0,1,3,473558400
415938,1403105,0,0,0,0,1,0,1,3,350697600
415938,3099457,0,0,0,0,1,0,1,3,444441600
415938,1431607,0,0,0,0,0,0,1,3,479347200
415938,1643622,0,0,0,0,0,1,1,3,347932800
415938,1401953,0,0,0,0,0,0,1,3,412819200
415938,6923,1,0,0,0,0,3,1,3,511056000
415938,1512957,1,0,0,0,1,2,1,3,520992000
415938,3159927,1,0,0,0,0,3,1,3,386467200
415938,3078737,1,0,0,0,0,2,1,3,353030400
415938,131762,1,0,0,0,1,2,1,3,367977600
415938,1389448,0,0,0,0,0,1,1,3,386899200
415938,3297590,1,0,0,0,1,2,1,3,359078400
415938,1952222,1,0,0,0,0,4,1,3,390182400
415938,1823107,1,0,0,0,1,3,1,3,353548800
415938,3296923,0,0,0,0,1,1,1,3,348192000
415938,3151402,1,0,0,0,1,3,1,3,453945600
415938,1741236,0,0,0,0,0,1,1,3,495072000
415938,1722551,0,0,0,0,0,1,1,3,353116800
415938,1417443,1,0,0,0,1,2,1,3,376704000
415938,3296659,1,0,0,0,1,2,1,3,350265600
415938,2092519,1,0,0,0,0,2,1,3,348019200
415938,3321473,1,0,0,0,0,2,1,3,353376000
415938,1549855,1,0,0,0,0,2,1,3,443318400
415938,1354523,0,0,0,0,0,1,1,3,437443200
415938,1557335,0,0,0,0,0,1,1,3,350265600
415938,1409512,0,0,0,0,1,1,1,3,369100800
415938,3297062,1,0,0,0,1,2,1,3,480902400
415938,345327,1,0,0,0,0,2,1,3,462844800
415938,1380356,1,0,0,0,1,1,1,3,350438400
415938,1365000,1,0,0,0,0,2,1,3,425779200
415938,2887089,0,0,0,0,0,1,1,3,432691200
415938,1354944,1,0,0,0,0,4,1,3,453945600
415938,253779,0,0,0,0,0,1,1,3,362534400
415938,1357988,1,0,0,0,1,3,1,3,352252800
415938,1413453,0,0,0,0,1,0,1,3,513993600
415938,1353465,0,0,0,0,0,0,1,3,525139200
415938,127769,0,0,0,0,0,0,1,3,428889600
415938,1416576,0,0,0,0,0,0,1,3,386208000
415938,26624,0,0,0,0,0,1,1,3,368582400
415938,30538,0,0,0,0,1,0,1,3,371520000
415938,3301299,0,0,0,0,1,0,1,3,352857600
415938,1389741,0,0,0,0,0,0,1,3,453340800
415938,1964940,0,0,0,0,0,0,1,3,364089600
415938,1241148,1,0,0,0,0,8,1,3,355622400
415938,3296488,1,0,0,0,1,9,1,3,432172800
415938,1785039,1,0,0,0,0,2,1,3,356659200
415938,58182,1,0,0,0,0,2,1,3,455673600
415938,16879,1,0,0,0,1,5,1,3,477187200
415938,3297289,1,0,0,0,0,2,1,3,401846400
415938,1367557,1,0,0,0,0,4,1,3,479260800
415938,2909172,1,0,0,0,0,5,1,3,480470400
415938,1354715,1,0,0,0,0,3,1,3,510969600
415938,43576,1,0,0,0,0,2,1,3,462499200
415938,10069,1,0,0,0,0,2,1,3,384825600
415938,78246,1,0,0,0,0,6,1,3,479433600
415938,25699,1,0,0,0,0,5,1,3,491270400
415938,1369823,1,0,0,0,0,2,1,3,445046400
415938,8669,1,0,0,0,1,2,1,3,351129600
415938,1353829,1,0,0,0,0,6,1,3,526953600
415938,45593,1,0,0,0,1,3,1,3,515289600
415938,1454228,1,0,0,0,0,2,1,3,483235200
415938,1362159,1,0,0,0,0,3,1,3,483494400
415938,3100159,1,0,0,0,0,2,1,3,504576000
415938,1890101,1,0,0,0,1,2,1,3,467337600
415938,1356134,1,0,0,0,0,2,1,3,526003200
415938,58075,1,0,0,0,0,3,1,3,486604800
415938,691855,1,0,0,0,0,4,1,3,513216000
415938,1404680,1,0,0,0,0,2,1,3,505440000
415938,1353939,1,0,0,0,0,2,1,3,483494400
415938,1399481,1,0,0,0,0,3,1,3,495072000
415938,1352480,1,0,0,0,1,2,1,3,506563200
415938,3298211,1,0,0,0,1,2,1,3,446169600
415938,1352707,1,0,0,0,0,3,1,3,484358400
415938,1472811,1,0,0,0,1,3,1,3,487900800
415938,1358338,1,0,0,0,0,2,1,3,523929600
415938,1381823,1,0,0,0,0,3,1,3,477705600
415938,1357964,1,0,0,0,0,4,1,3,514944000
415938,90750,1,0,0,0,0,3,1,3,449625600
415938,1355892,1,0,0,0,0,5,1,3,362102400
415938,2877251,1,0,0,0,0,2,1,3,516844800
415938,1352803,1,0,0,0,1,3,1,3,465868800
415938,51945,1,0,0,0,0,2,1,3,402969600
415938,1356926,1,0,0,0,0,2,1,3,502416000
415938,1611590,1,0,0,0,0,2,1,3,445305600
415938,1360480,1,0,0,0,0,2,1,3,426297600
415938,1543789,1,0,0,0,0,2,1,3,525744000
415938,1400640,1,0,0,0,1,4,1,3,516067200
415938,1396729,0,0,0,0,1,1,1,3,404092800
415938,1377291,1,0,0,0,0,2,1,3,410659200
415938,2940067,1,0,0,0,1,2,1,3,522979200
415938,1499813,1,0,0,0,1,2,1,3,476582400
415938,20204,1,0,0,0,0,1,1,3,480124800
415938,217445,0,0,0,0,0,1,1,3,518745600
415938,1719709,1,0,0,0,0,2,1,3,445737600
415938,1362936,1,0,0,0,0,4,1,3,468028800
415938,1368037,1,0,0,0,0,3,1,3,525398400
415938,1370829,1,0,0,0,1,2,1,3,338601600
415938,1369208,0,0,0,0,0,1,1,3,460512000
415938,2125192,1,0,0,0,0,3,1,3,471398400
415938,1715704,1,0,0,0,0,2,1,3,435110400
415938,1359656,0,0,0,0,0,1,1,3,424569600
415938,1656061,0,0,0,0,0,1,1,3,449280000
415938,1362524,1,0,0,0,0,7,1,3,417225600
415938,1372438,0,0,0,0,1,1,1,3,484963200
415938,1369715,0,0,0,0,1,1,1,3,445651200
415938,1703443,0,0,0,0,0,1,1,3,428544000
415938,34082,1,0,0,0,0,6,1,3,452822400
415938,1359113,1,0,0,0,0,2,1,3,470880000
415938,1475272,1,0,0,0,0,1,1,3,417744000
415938,1358395,0,0,0,0,0,1,1,3,441590400
415938,1411828,0,0,0,0,0,1,1,3,413164800
415938,1359708,0,0,0,0,1,1,1,3,515376000
415938,3031006,0,0,0,0,1,1,1,3,447033600
415938,1757984,1,0,0,0,0,4,1,3,411609600
415938,1443096,1,0,0,0,0,7,1,3,434419200
415938,1548390,1,0,0,0,1,2,1,3,412041600
415938,1404402,1,0,0,0,1,3,1,3,415584000
415938,1356188,0,0,0,0,1,1,1,3,440726400
415938,1946071,1,0,0,0,0,2,1,3,428371200
415938,79958,0,0,0,0,1,1,1,3,411868800
415938,1361344,1,0,0,0,0,2,1,3,435369600
415938,6876,0,0,0,0,1,1,1,3,414979200
415938,1461799,1,0,0,0,1,3,1,3,464486400
415938,1352914,1,0,0,0,0,8,1,3,447033600
415938,1356921,1,0,0,0,0,1,1,3,442368000
415938,174018,0,0,0,0,1,1,1,3,412128000
415938,1376792,0,0,0,0,0,3,1,3,426556800
415938,3296793,1,0,0,0,1,3,1,3,478483200
415938,1403184,1,0,0,0,0,3,1,3,448329600
415938,94790,1,0,0,0,0,2,1,3,518227200
415938,1459944,1,0,0,0,0,4,1,3,419299200
415938,85019,0,0,0,0,0,2,1,3,413164800
415938,1985144,0,0,0,0,0,1,1,3,414892800
415938,3296780,1,0,0,0,1,4,1,3,447724800
415938,47840,0,0,0,0,1,1,1,3,507340800
415938,1360132,0,0,0,0,0,1,1,3,441590400
415938,1466751,1,0,0,0,1,2,1,3,423619200
415938,124735,0,0,0,0,1,1,1,3,423878400
415938,1356325,1,0,0,0,1,2,1,3,455846400
415938,1806700,0,0,0,0,0,1,1,3,505440000
415938,29842,1,0,0,0,1,3,1,3,467078400
415938,1543274,0,0,0,0,1,1,1,3,458438400
415938,523819,1,0,0,0,1,2,1,3,419644800
415938,123893,1,0,0,0,0,2,1,3,475545600
415938,727503,1,0,0,0,1,2,1,3,513648000
415938,71313,0,0,0,0,1,1,1,3,412473600
415938,1356385,0,0,0,0,1,1,1,3,455846400
415938,1353873,0,0,0,0,1,1,1,3,412905600
415938,1368081,0,0,0,0,1,1,1,3,416188800
415938,68104,1,0,0,0,0,2,1,3,501292800
415938,3296633,1,0,0,0,0,2,1,3,412387200
415938,1354344,1,0,0,0,0,2,1,3,416275200
415938,1413774,0,0,0,0,1,1,1,3,479952000
415938,36523,0,0,0,0,0,1,1,3,495331200
415938,3296576,0,0,0,0,0,1,1,3,477532800
415938,1742971,1,0,0,0,1,2,1,3,474336000
415938,294277,0,0,0,0,0,1,1,3,489715200
415938,46998,0,0,0,0,0,1,1,3,465436800
415938,1653892,0,0,0,0,0,1,1,3,478569600
415938,1354135,1,0,0,0,1,2,1,3,459561600
415938,3296585,1,0,0,0,0,1,1,3,483321600
415938,1370787,0,0,0,0,0,1,1,3,468547200
415938,88064,0,0,0,0,1,1,1,3,479174400
415938,1365339,0,0,0,0,0,0,1,3,412646400
415938,7307,1,0,0,0,1,2,1,3,443577600
415938,1352841,1,0,0,0,0,3,1,3,416016000
415938,1746207,1,0,0,0,0,2,1,3,411782400
415938,1642049,1,0,0,0,0,2,1,3,479433600
415938,1388858,0,0,0,0,1,1,1,3,475459200
415938,1700083,1,0,0,0,0,2,1,3,415497600
415938,1567722,1,0,0,0,1,1,1,3,411523200
415938,3297462,1,0,0,0,1,8,1,3,411609600
415938,3225,0,0,0,0,0,1,1,3,446428800
415938,1617951,1,0,0,0,1,3,1,3,391824000
415938,1372147,1,0,0,0,0,3,1,3,483753600
415938,2099813,1,0,0,0,0,2,1,3,499219200
415938,1455489,1,0,0,0,0,2,1,3,376272000
415938,1625245,1,0,0,0,0,2,1,3,413510400
415938,1676281,0,0,0,0,1,0,1,3,408240000
415938,1353721,0,0,0,0,0,1,1,3,375148800
415938,76429,1,0,0,0,0,2,1,3,409795200
415938,1681167,1,0,0,0,0,2,1,3,426816000
415938,1358721,1,0,0,0,1,2,1,3,443664000
415938,3035081,1,0,0,0,0,2,1,3,451699200
415938,1556207,1,0,0,0,0,2,1,3,377136000
415938,1923456,0,0,0,0,0,1,1,3,420508800
415938,1915395,0,0,0,0,0,1,1,3,376531200
415938,1776513,0,0,0,0,0,1,1,3,423014400
415938,1398159,1,0,0,0,0,1,1,3,375580800
415938,1359357,1,0,0,0,0,2,1,3,383702400
415938,371716,0,0,0,0,0,1,1,3,381628800
415938,1448935,1,0,0,0,0,2,1,3,374371200
415938,1363063,0,0,0,0,1,1,1,3,374889600
415938,1564459,0,0,0,0,1,1,1,3,391132800
415938,1371902,0,0,0,0,0,1,1,3,484790400
415938,1415390,0,0,0,0,0,1,1,3,474336000
415938,1393812,1,0,0,0,0,2,1,3,377654400
415938,1841039,0,0,0,0,0,0,1,3,384307200
415938,1396830,0,0,0,0,1,1,1,3,442713600
415938,1420276,1,0,0,0,1,3,1,3,434937600
415938,1360854,1,0,0,0,0,6,1,3,517795200
415938,1491289,1,0,0,0,0,2,1,3,374371200
415938,1358264,1,0,0,0,1,2,1,3,388972800
415938,3297469,0,0,0,0,0,2,1,3,380937600
415938,1681104,1,0,0,0,0,3,1,3,511315200
415938,1746645,1,0,0,0,0,2,1,3,487987200
415938,2896520,0,0,0,0,1,1,1,3,482803200
415938,2870343,1,0,0,0,0,2,1,3,381369600
415938,1930905,1,0,0,0,1,2,1,3,436233600
415938,2906041,0,0,0,0,1,1,1,3,427248000
415938,1380407,1,0,0,0,1,5,1,3,427507200
415938,1985965,1,0,0,0,1,1,1,3,413596800
415938,1355649,1,0,0,0,0,3,1,3,488505600
415938,1423866,1,0,0,0,0,1,1,3,430099200
415938,1479373,1,0,0,0,0,2,1,3,379382400
415938,2007242,1,0,0,0,0,2,1,3,392342400
415938,1405388,1,0,0,0,1,2,1,3,428025600
415938,1526572,1,0,0,0,0,2,1,3,375321600
415938,1386792,1,0,0,0,0,2,1,3,414028800
415938,1353963,0,0,0,0,0,1,1,3,520992000
415938,1502441,1,0,0,0,0,2,1,3,477360000
415938,1497676,1,0,0,0,0,2,1,3,374198400
415938,1524489,1,0,0,0,0,2,1,3,509500800
415938,1522489,1,0,0,0,0,2,1,3,373420800
415938,1356548,1,0,0,0,0,2,1,3,372297600
415938,1420228,1,0,0,0,0,2,1,3,373939200
415938,1373215,1,0,0,0,0,3,1,3,381801600
415938,144616,1,0,0,0,0,4,1,3,377136000
415938,3297432,1,0,0,0,1,1,1,3,444096000
415938,1369703,0,0,0,0,0,1,1,3,388886400
415938,1432001,1,0,0,0,0,2,1,3,388800000
415938,1549006,1,0,0,0,0,3,1,3,451267200
415938,1440873,1,0,0,0,0,3,1,3,394675200
415938,1406283,1,0,0,0,0,2,1,3,380851200
415938,1361788,1,0,0,0,0,2,1,3,372297600
415938,1356466,1,0,0,0,0,4,1,3,416534400
415938,38736,1,0,0,0,1,1,1,3,385516800
415938,3296584,1,0,0,0,1,3,1,3,376012800
415938,1452272,0,0,0,0,0,1,1,3,381369600
415938,1808719,0,0,0,0,0,1,1,3,372470400
415938,68223,0,0,0,0,1,0,1,3,420940800
415938,1521220,0,0,0,0,0,1,1,3,400896000
415938,1461089,0,0,0,0,0,1,1,3,386726400
415938,3249222,1,0,0,0,1,2,1,3,478051200
415938,1416972,0,0,0,0,0,1,1,3,372297600
415938,1451455,0,0,0,0,0,1,1,3,377654400
415938,1445246,1,0,0,0,0,2,1,3,378345600
415938,1524691,0,0,0,0,0,1,1,3,377654400
415938,24038,0,0,0,0,0,1,1,3,427334400
415938,1382383,0,0,0,0,0,1,1,3,374889600
415938,1364470,1,0,0,0,0,2,1,3,374371200
415938,34409,1,0,0,0,0,2,1,3,378432000
415938,2161,1,0,0,0,0,2,1,3,387331200
415938,1449970,0,0,0,0,0,1,1,3,462499200
415938,268834,0,0,0,0,0,1,1,3,424310400
415938,1373475,0,0,0,0,0,1,1,3,484876800
415938,1574694,0,0,0,0,0,1,1,3,372902400
415938,1526196,1,0,0,0,0,2,1,3,524102400
415938,2877956,0,0,0,0,0,1,1,3,375148800
415938,2957003,0,0,0,0,1,1,1,3,413251200
415938,3297170,1,0,0,0,0,2,1,3,372211200
415938,1521780,0,0,0,0,0,1,1,3,426297600
415938,52478,0,0,0,0,1,1,1,3,375840000
415938,8588,1,0,0,0,0,2,1,3,405993600
415938,1382957,1,0,0,0,0,2,1,3,393292800
415938,1398053,1,0,0,0,1,2,1,3,374544000
415938,1373800,1,0,0,0,0,4,1,3,379468800
415938,36771,0,0,0,0,1,1,1,3,428112000
415938,1835472,0,0,0,0,0,1,1,3,425174400
415938,1459702,1,0,0,0,0,2,1,3,386294400
415938,1389500,1,0,0,0,0,2,1,3,372211200
415938,3179563,0,0,0,0,0,1,1,3,378345600
415938,1356319,1,0,0,0,1,2,1,3,381196800
415938,1906562,1,0,0,0,0,2,1,3,414720000
415938,1508633,1,0,0,0,0,1,1,3,416188800
415938,501,0,0,0,0,0,1,1,3,372297600
415938,1621724,1,0,0,0,1,2,1,3,372470400
415938,2890189,0,0,0,0,0,1,1,3,375926400
415938,11483,0,0,0,0,0,0,1,3,373075200
415938,40936,1,0,0,0,0,2,1,3,378604800
415938,1386442,1,0,0,0,1,2,1,3,374284800
415938,1373538,1,0,0,0,1,2,1,3,378691200
415938,3024040,1,0,0,0,0,2,1,3,372902400
415938,1391451,1,0,0,0,0,2,1,3,519868800
415938,2026953,0,0,0,0,0,1,1,3,394156800
415938,1428435,1,0,0,0,0,2,1,3,372384000
415938,3296712,1,0,0,0,0,2,1,3,373075200
415938,1385938,0,0,0,0,0,1,1,3,383270400
415938,16483,1,0,0,0,1,2,1,3,396576000
415938,1054,0,0,0,0,0,1,1,3,381456000
415938,1364499,1,0,0,0,0,1,1,3,376185600
415938,1389934,0,0,0,0,0,1,1,3,373420800
415938,1624525,0,0,0,0,0,0,1,3,383356800
415938,1364279,0,0,0,0,0,1,1,3,372211200
415938,3047726,0,0,0,0,1,1,1,3,453945600
415938,1377618,1,0,0,0,0,2,1,3,448416000
415938,1546356,1,0,0,0,0,2,1,3,404870400
415938,1651724,0,0,0,0,0,1,1,3,435715200
415938,1745686,1,0,0,0,0,4,1,3,373680000
415938,1414203,0,0,0,0,0,2,1,3,430617600
415938,1960154,1,0,0,0,0,1,1,3,386812800
415938,1569006,1,0,0,0,1,3,1,3,372556800
415938,3297914,0,0,0,0,1,1,1,3,372211200
415938,3218553,0,0,0,0,1,1,1,3,382838400
415938,1378976,0,0,0,0,0,1,1,3,372902400
415938,1369564,1,0,0,0,1,3,1,3,378000000
415938,3045102,1,0,0,0,0,2,1,3,484099200
415938,1913230,1,0,0,0,0,3,1,3,376704000
415938,1751434,1,0,0,0,0,3,1,3,392428800
415938,1353113,0,0,0,0,0,1,1,3,372384000
415938,1769695,1,0,0,0,0,3,1,3,521251200
415938,1511163,0,0,0,0,0,1,1,3,378518400
415938,1623132,1,0,0,0,0,4,1,3,375840000
415938,1736049,1,0,0,0,0,3,1,3,372384000
415938,1387903,1,0,0,0,0,2,1,3,417744000
415938,1801663,1,0,0,0,0,2,1,3,372384000
415938,1519696,1,0,0,0,0,2,1,3,372470400
415938,1760886,1,0,0,0,0,2,1,3,388800000
415938,210074,1,0,0,0,1,3,1,3,373420800
415938,1634368,1,0,0,0,0,2,1,3,467164800
415938,735173,1,0,0,0,0,2,1,3,386121600
415938,1447537,1,0,0,0,1,2,1,3,443318400
415938,1596034,1,0,0,0,1,2,1,3,372211200
415938,1734653,1,0,0,0,0,2,1,3,498960000
415938,1363803,0,0,0,0,0,1,1,3,376963200
415938,1560438,1,0,0,0,0,1,1,3,381974400
415938,1491958,1,0,0,0,0,2,1,3,372297600
415938,3297510,0,0,0,0,0,1,1,3,409363200
415938,1393345,0,0,0,0,1,2,1,3,373420800
415938,1368999,1,0,0,0,0,2,1,3,372988800
415938,1541630,1,0,0,0,0,1,1,3,374803200
415938,1935017,0,0,0,0,0,2,1,3,372297600
415938,3140018,0,0,0,0,1,1,1,3,380419200
415938,1368067,0,0,0,0,0,1,1,3,377049600
415938,1384014,0,0,0,0,1,1,1,3,372211200
415938,1475993,0,0,0,0,0,1,1,3,439516800
415938,1352532,0,0,0,0,0,1,1,3,372643200
415938,3297145,0,0,0,0,1,1,1,3,494899200
415938,1473652,1,0,0,0,1,3,1,3,376876800
415938,2099839,1,0,0,0,0,2,1,3,506131200
415938,2065787,0,0,0,0,0,1,1,3,394502400
415938,1393344,0,0,0,0,1,1,1,3,389923200
415938,23899,1,0,0,0,0,4,1,3,393984000
415938,1619282,1,0,0,0,0,1,1,3,393033600
415938,1412585,1,0,0,0,0,2,1,3,420768000
415938,2028660,0,0,0,0,0,1,1,3,432777600
415938,9163,1,0,0,0,0,3,1,3,381628800
415938,1615319,1,0,0,0,0,3,1,3,372211200
415938,1801289,1,0,0,0,1,2,1,3,379123200
415938,1358033,1,0,0,0,0,2,1,3,446947200
415938,3117001,0,0,0,0,0,1,1,3,392688000
415938,1358851,1,0,0,0,0,4,1,3,476409600
415938,244215,1,0,0,0,0,2,1,3,373766400
415938,1789719,0,0,0,0,0,1,1,3,381801600
415938,1489929,1,0,0,0,0,2,1,3,422496000
415938,1375022,0,0,0,0,0,1,1,3,413424000
415938,57265,0,0,0,0,0,1,1,3,372297600
415938,1497469,1,0,0,0,0,2,1,3,393724800
415938,2555,0,0,0,0,0,2,1,3,372643200
415938,3296621,1,0,0,0,0,2,1,3,396057600
415938,1522880,1,0,0,0,0,2,1,3,485654400
415938,1786873,1,0,0,0,0,2,1,3,372384000
415938,1402057,0,0,0,0,0,2,1,3,375753600
415938,1368624,1,0,0,0,0,2,1,3,492739200
415938,1690244,1,0,0,0,1,2,1,3,490147200
415938,1380475,1,0,0,0,1,1,1,3,417484800
415938,1363717,1,0,0,0,0,2,1,3,373593600
415938,1366560,1,0,0,0,0,3,1,3,372988800
415938,1813648,1,0,0,0,0,2,1,3,484531200
415938,1703752,1,0,0,0,0,2,1,3,372556800
415938,2062693,1,0,0,0,0,3,1,3,375667200
415938,1567786,0,0,0,0,1,2,1,3,384220800
415938,2930077,0,0,0,0,0,1,1,3,469497600
415938,1564732,1,0,0,0,1,2,1,3,403574400
415938,1682143,1,0,0,0,0,3,1,3,401241600
415938,1430174,0,0,0,0,0,2,1,3,372211200
415938,3296829,1,0,0,0,1,3,1,3,440812800
415938,22777,1,0,0,0,1,2,1,3,372384000
415938,105593,1,0,0,0,0,2,1,3,372729600
415938,1366016,1,0,0,0,0,2,1,3,413164800
415938,1453524,0,0,0,0,1,1,1,3,413856000
415938,5949,0,0,0,0,0,1,1,3,395798400
415938,1523332,1,0,0,0,0,2,1,3,372297600
415938,1402740,1,0,0,0,0,2,1,3,415670400
415938,182624,1,0,0,0,1,2,1,3,450144000
415938,1989997,1,0,0,0,0,3,1,3,389750400
415938,2075802,1,0,0,0,0,2,1,3,374630400
415938,1362696,0,0,0,0,0,1,1,3,425347200
415938,6601,0,0,0,0,0,1,1,3,384220800
415938,1512040,1,0,0,0,0,2,1,3,372297600
415938,3209445,1,0,0,0,0,2,1,3,372211200
415938,1245,0,0,0,0,1,1,1,3,390182400
415938,1917810,1,0,0,0,0,2,1,3,454377600
415938,1983026,1,0,0,0,0,2,1,3,421200000
415938,1360674,0,0,0,0,1,1,1,3,375321600
415938,1424250,1,0,0,0,0,3,1,3,377913600
415938,1395685,1,0,0,0,0,2,1,3,374630400
415938,1403171,0,0,0,0,0,1,1,3,376531200
415938,1357404,1,0,0,0,1,2,1,3,372211200
415938,88996,1,0,0,0,1,2,1,3,375667200
415938,7607,0,0,0,0,0,1,1,3,392169600
415938,1368632,1,0,0,0,1,2,1,3,376099200
415938,1456130,1,0,0,0,0,2,1,3,372556800
415938,1357962,0,0,0,0,1,1,1,3,407462400
415938,1886537,0,0,0,0,1,1,1,3,390873600
415938,1376858,0,0,0,0,0,1,1,3,395884800
415938,1452288,1,0,0,0,0,2,1,3,377481600
415938,1360336,1,0,0,0,0,2,1,3,373766400
415938,2982152,1,0,0,0,0,2,1,3,381542400
415938,3244037,1,0,0,0,0,2,1,3,452217600
415938,1393422,1,0,0,0,0,2,1,3,396316800
415938,2050272,1,0,0,0,0,2,1,3,372988800
415938,2997287,1,0,0,0,0,2,1,3,383097600
415938,3039433,0,0,0,0,0,1,1,3,372988800
415938,76152,1,0,0,0,0,2,1,3,454896000
415938,1492793,0,0,0,0,0,1,1,3,377913600
415938,1570951,1,0,0,0,0,2,1,3,519436800
415938,1523830,1,0,0,0,0,3,1,3,373680000
415938,1464830,1,0,0,0,0,2,1,3,375580800
415938,1585824,0,0,0,0,0,2,1,3,375148800
415938,2953701,1,0,0,0,0,2,1,3,373939200
415938,3298169,1,0,0,0,1,3,1,3,380764800
415938,1371637,1,0,0,0,0,2,1,3,381801600
415938,1392845,1,0,0,0,0,2,1,3,457660800
415938,1534309,0,0,0,0,1,1,1,3,372384000
415938,337718,1,0,0,0,0,2,1,3,490838400
415938,3296832,1,0,0,0,1,3,1,3,492393600
415938,3299735,1,0,0,0,0,1,1,3,505699200
415938,1352501,1,0,0,0,0,2,1,3,381283200
415938,1366980,1,0,0,0,0,2,1,3,372729600
415938,1357528,1,0,0,0,0,3,1,3,372211200
415938,494986,1,0,0,0,0,2,1,3,385516800
415938,1633604,1,0,0,0,0,2,1,3,373852800
415938,1386159,0,0,0,0,0,1,1,3,372470400
415938,1373756,1,0,0,0,1,2,1,3,373334400
415938,1372336,0,0,0,0,0,1,1,3,376358400
415938,1353980,1,0,0,0,0,2,1,3,414892800
415938,1415111,1,0,0,0,1,2,1,3,375148800
415938,3299775,1,0,0,0,0,2,1,3,380678400
415938,1575719,1,0,0,0,0,2,1,3,383184000
415938,1912978,1,0,0,0,0,1,1,3,381715200
415938,1378887,0,0,0,0,0,1,1,3,373852800
415938,1375774,1,0,0,0,1,2,1,3,377827200
415938,1374665,0,0,0,0,1,1,1,3,383529600
415938,23314,0,0,0,0,1,1,1,3,384134400
415938,1354015,1,0,0,0,1,2,1,3,374716800
415938,1822667,1,0,0,0,0,2,1,3,374716800
415938,1713577,1,0,0,0,1,3,1,3,419385600
415938,1422956,1,0,0,0,0,2,1,3,384652800
415938,1984388,1,0,0,0,0,2,1,3,372816000
415938,96455,1,0,0,0,0,2,1,3,373680000
415938,102224,1,0,0,0,0,2,1,3,373680000
415938,1466118,1,0,0,0,0,2,1,3,392947200
415938,3300015,1,0,0,0,0,2,1,3,374976000
415938,1356612,0,0,0,0,1,1,1,3,372297600
415938,1634414,1,0,0,0,0,3,1,3,388972800
415938,2132033,1,0,0,0,0,2,1,3,372643200
415938,1353179,0,0,0,0,0,1,1,3,458611200
415938,15080,0,0,0,0,0,1,1,3,373161600
415938,1553186,1,0,0,0,1,2,1,3,385776000
415938,1358241,0,0,0,0,0,1,1,3,373939200
415938,1428616,1,0,0,0,0,3,1,3,374457600
415938,8688,0,0,0,0,0,1,1,3,372988800
415938,1986598,1,0,0,0,0,6,1,3,372384000
415938,1414663,0,0,0,0,0,1,1,3,374112000
415938,1362203,1,0,0,0,0,2,1,3,382233600
415938,2879448,0,0,0,0,0,1,1,3,386985600
415938,1536323,1,0,0,0,0,2,1,3,446688000
415938,1353837,1,0,0,0,0,3,1,3,425692800
415938,1383879,0,0,0,0,0,2,1,3,375235200
415938,1659312,0,0,0,0,1,1,1,3,403315200
415938,1485366,0,0,0,0,0,1,1,3,406339200
415938,1354406,0,0,0,0,0,1,1,3,396403200
415938,1536726,0,0,0,0,1,1,1,3,372470400
415938,1400744,1,0,0,0,1,3,1,3,372297600
415938,483,1,0,0,0,0,2,1,3,373420800
415938,3296493,1,0,0,0,0,3,1,3,395193600
415938,1381628,0,0,0,0,0,1,1,3,401673600
415938,1444557,0,0,0,0,1,1,1,3,383529600
415938,786,0,0,0,0,1,1,1,3,385516800
415938,126846,1,0,0,0,1,2,1,3,408844800
415938,1445772,1,0,0,0,0,2,1,3,376272000
415938,1406532,0,0,0,0,0,1,1,3,373334400
415938,1987167,0,0,0,0,0,1,1,3,392256000
415938,1352550,1,0,0,0,0,2,1,3,526089600
415938,1360259,0,0,0,0,1,1,1,3,486259200
415938,64664,0,0,0,0,0,1,1,3,489369600
415938,1874421,0,0,0,0,0,2,1,3,483321600
415938,1393637,1,0,0,0,0,2,1,3,481939200
415938,1168,1,0,0,0,0,2,1,3,476496000
415938,921,1,0,0,0,0,3,1,3,522720000
415938,1358696,0,0,0,0,0,1,1,3,496022400
415938,3031941,1,0,0,0,1,2,1,3,515116800
415938,1692483,0,0,0,0,0,2,1,3,482284800
415938,7032,1,0,0,0,0,3,1,3,455673600
415938,3066581,1,0,0,0,0,2,1,3,499564800
415938,2031803,1,0,0,0,0,2,1,3,478742400
415938,1550926,0,0,0,0,0,1,1,3,486604800
415938,1659105,0,0,0,0,0,1,1,3,521683200
415938,3296498,1,0,0,0,1,4,1,3,480470400
415938,1370032,1,0,0,0,0,2,1,3,476928000
415938,1938245,0,0,0,0,0,1,1,3,476409600
415938,1370723,1,0,0,0,0,2,1,3,475804800
415938,1364525,0,0,0,0,0,1,1,3,481680000
415938,1750441,0,0,0,0,0,1,1,3,501638400
415938,2070727,1,0,0,0,0,3,1,3,510019200
415938,2079205,0,0,0,0,0,1,1,3,513388800
415938,1530171,1,0,0,0,1,3,1,3,514857600
415938,3300952,0,0,0,0,1,1,1,3,514339200
415938,1352610,0,0,0,0,0,1,1,3,491529600
415938,1352838,1,0,0,0,0,2,1,3,386812800
415938,1354187,1,0,0,0,1,2,1,3,486864000
415938,1377244,1,0,0,0,0,2,1,3,475718400
415938,1353394,1,0,0,0,0,2,1,3,505872000
415938,1369690,1,0,0,0,0,2,1,3,495590400
415938,1354834,1,0,0,0,0,2,1,3,508809600
415938,1360618,0,0,0,0,0,1,1,3,463449600
415938,1404086,0,0,0,0,0,1,1,3,517276800
415938,1373626,1,0,0,0,0,2,1,3,517622400
415938,1371927,0,0,0,0,0,1,1,3,483667200
415938,1441587,0,0,0,0,1,0,1,3,481939200
415938,1477099,0,0,0,0,1,1,1,3,444182400
415938,1367942,0,0,0,0,0,0,1,3,515894400
415938,1356031,0,0,0,0,1,2,1,3,487900800
415938,1354832,0,0,0,0,1,3,1,3,481507200
415938,1363795,1,0,0,0,0,15,1,3,515376000
415938,1356290,1,0,0,0,1,3,1,3,515289600
415938,1356483,0,0,0,0,1,2,1,3,446688000
415938,1361356,0,0,0,0,1,1,1,3,510192000
415938,1402421,0,0,0,0,0,2,1,3,523584000
415938,1780118,0,0,0,0,0,3,1,3,403142400
415938,1547980,0,0,0,0,1,0,1,3,356659200
415938,1662966,1,0,0,0,1,2,1,3,350179200
415938,1375308,1,0,0,0,0,2,1,3,382060800
415938,1359349,1,0,0,0,0,2,1,3,485049600
415938,1352898,1,0,0,0,1,6,1,3,360979200
415938,1386157,1,0,0,0,0,2,1,3,478742400
415938,1401082,1,0,0,0,1,5,1,3,362275200
415938,1508670,1,0,0,0,0,3,1,3,384652800
415938,1464422,1,0,0,0,0,2,1,3,496108800
415938,1420203,1,0,0,0,0,1,1,3,383097600
415938,1365033,0,0,0,0,0,1,1,3,380678400
415938,1358212,1,0,0,0,0,4,1,3,521251200
415938,1353659,0,0,0,0,0,1,1,3,364003200
415938,2880111,1,0,0,0,0,4,1,3,357436800
415938,1356635,1,0,0,0,0,3,1,3,353894400
415938,1475496,0,0,0,0,1,2,1,3,454550400
415938,1354431,0,0,0,0,1,1,1,3,446601600
415938,1377929,1,0,0,0,0,2,1,3,363571200
415938,1901125,1,0,0,0,1,4,1,3,382924800
415938,1361821,1,0,0,0,0,3,1,3,351820800
415938,1354966,0,0,0,0,0,2,1,3,495590400
415938,1694345,0,0,0,0,0,1,1,3,372556800
415938,1364618,0,0,0,0,0,1,1,3,363571200
415938,1361740,0,0,0,0,0,1,1,3,521683200
415938,1356204,1,0,0,0,0,4,1,3,350438400
415938,1354414,0,0,0,0,0,1,1,3,512611200
415938,1357490,1,0,0,0,0,1,1,3,486086400
415938,1380392,0,0,0,0,0,1,1,3,382838400
415938,1354992,1,0,0,0,0,3,1,3,352684800
415938,1358925,1,0,0,0,0,2,1,3,398217600
415938,1883806,0,0,0,0,0,1,1,3,351216000
415938,1759877,1,0,0,0,0,1,1,3,381542400
415938,1384625,0,0,0,0,0,1,1,3,385430400
415938,3173049,0,0,0,0,0,1,1,3,414979200
415938,1362700,0,0,0,0,1,1,1,3,351734400
415938,1385194,1,0,0,0,1,2,1,3,347414400
415938,1353951,1,0,0,0,0,2,1,3,347328000
415938,2133244,1,0,0,0,0,2,1,3,347068800
415938,1391850,0,0,0,0,1,2,1,3,357004800
415938,1417843,0,0,0,0,0,1,1,3,347587200
415938,1354714,0,0,0,0,0,3,1,3,485222400
415938,1352852,0,0,0,0,1,2,1,3,368236800
415938,1356726,1,0,0,0,0,2,1,3,434764800
415938,1761449,0,0,0,0,0,1,1,3,422755200
415938,1355175,1,0,0,0,0,2,1,3,387936000
415938,1354627,0,0,0,0,1,1,1,3,515376000
415938,1355173,0,0,0,0,0,1,1,3,448675200
415938,1508733,0,0,0,0,0,1,1,3,353980800
415938,1356151,0,0,0,0,0,1,1,3,502588800
415938,1352840,1,0,0,0,0,1,1,3,353116800
415938,1361583,0,0,0,0,0,1,1,3,507513600
415938,1446764,0,0,0,0,1,1,1,3,503798400
415938,1960467,0,0,1,0,0,7,1,3,503280000
415938,264103,1,0,0,0,0,1,1,3,373593600
415938,1378090,1,0,0,0,1,3,1,3,442886400
415938,1358457,0,0,0,0,1,1,1,3,363657600
415938,1358895,0,0,0,0,0,1,1,3,506390400
415938,1496333,0,0,0,0,0,2,1,3,386640000
415938,1357076,0,0,0,0,0,1,1,3,362966400
415938,1483318,0,0,0,0,1,1,1,3,368668800
415938,1367277,0,0,0,0,0,5,1,3,368841600
415938,1359655,0,0,0,0,0,2,1,3,511660800
415938,1356075,1,0,0,0,0,4,1,3,363571200
415938,1360383,1,0,0,0,0,2,1,3,408499200
415938,1355293,1,0,0,0,0,2,1,3,372124800
415938,1354672,1,0,0,0,1,2,1,3,394070400
415938,1357219,0,0,0,0,0,1,1,3,477619200
415938,9486,1,0,0,0,0,2,1,3,351734400
415938,1353010,1,0,0,0,0,2,1,3,351302400
415938,1353551,1,0,0,0,1,3,1,3,363139200
415938,1446054,0,0,0,0,0,3,1,3,464918400
415938,1361338,1,0,0,0,0,2,1,3,456624000
415938,1353714,0,0,0,0,0,1,1,3,345772800
415938,1751998,0,0,0,0,0,1,1,3,476236800
415938,1846990,0,0,0,0,0,1,1,3,346204800
415938,1450871,0,0,0,0,0,1,1,3,508550400
415938,1997192,1,0,0,0,0,2,1,3,453168000
415938,1493326,0,0,0,0,0,1,1,3,483580800
415938,1372356,1,0,0,0,1,3,1,3,497232000
415938,1356638,1,0,0,0,0,2,1,3,476928000
415938,1849743,0,0,0,0,1,4,1,3,477360000
415938,3432,0,0,0,0,1,1,1,3,453945600
415938,3170511,1,0,0,0,0,2,1,3,442022400
415938,1365870,0,0,0,0,0,1,1,3,487468800
